{
  "published": false,
  "mapFile": "/maps/20250519_145256.png",
  "scaled": true,
  "sP": {
    "p1": {
      "x": 1787.129882409496,
      "y": 1029.7594862706428
    },
    "p2": {
      "x": 3933.9469445213977,
      "y": 861.1221339658631
    },
    "dist": 2153.430299491289
  },
  "scale": 0.5379014745018539,
  "cP": [
    {
      "start": {
        "x": 527.0760000000004,
        "y": 271.52400000000017
      },
      "ziel": {
        "x": 610.9290000000003,
        "y": 1240.4920000000006
      },
      "complex": true,
      "route": []
    }
  ]
}